/*==============================================================*/
/* Table: CHUYENXE                                              */
/*==============================================================*/

/*==============================================================*/
/* Table: DANHGIA                                               */
/*==============================================================*/

/*==============================================================*/
/* Table: DGTIEUCHI                                             */
/*==============================================================*/

/*==============================================================*/
/* Table: GIA                                                   */
/*==============================================================*/
INSERT INTO `gia` (`TD_DATE`, `GC_MA`, `LX_MA`, `G_TIEN`) VALUES
('2023-09-28 00:00:00', '01', '01', 15000.00),
('2023-09-28 00:00:00', '01', '02', 20000.00),
('2023-09-28 00:00:00', '01', '03', 10000.00),
('2023-09-28 00:00:00', '01', '04', 12000.00),
('2023-09-28 00:00:00', '01', '05', 15000.00),
('2023-09-28 00:00:00', '01', '06', 15000.00),
('2023-09-28 00:00:00', '01', '07', 12000.00),
('2023-09-28 00:00:00', '01', '08', 10000.00),
('2023-09-28 00:00:00', '01', '09', 15000.00),
('2023-09-28 00:00:00', '01', '10', 10000.00),
('2023-09-28 00:00:00', '02', '01', 10000.00),
('2023-09-28 00:00:00', '02', '02', 15000.00),
('2023-09-28 00:00:00', '02', '03', 7000.00),
('2023-09-28 00:00:00', '02', '04', 10000.00),
('2023-09-28 00:00:00', '02', '05', 10000.00),
('2023-09-28 00:00:00', '02', '06', 10000.00),
('2023-09-28 00:00:00', '02', '07', 10000.00),
('2023-09-28 00:00:00', '02', '08', 8000.00),
('2023-09-28 00:00:00', '02', '09', 10000.00),
('2023-09-28 00:00:00', '02', '10', 7000.00),
('2023-09-28 00:00:00', '03', '01', 5000.00),
('2023-09-28 00:00:00', '03', '02', 10000.00),
('2023-09-28 00:00:00', '03', '03', 5000.00),
('2023-09-28 00:00:00', '03', '04', 8000.00),
('2023-09-28 00:00:00', '03', '05', 5000.00),
('2023-09-28 00:00:00', '03', '06', 8000.00),
('2023-09-28 00:00:00', '03', '07', 8000.00),
('2023-09-28 00:00:00', '03', '08', 5000.00),
('2023-09-28 00:00:00', '03', '09', 5000.00),
('2023-09-28 00:00:00', '03', '10', 5000.00);

/*==============================================================*/
/* Table: GIACUOC                                               */
/*==============================================================*/
INSERT INTO `giacuoc` (`GC_MA`, `GC_CANTREN`, `GC_CANDUOI`) VALUES
('01', 5, 0),
('02', 10, 6),
('03', 50, 11);
/*==============================================================*/
/* Table: KHACHHANG                                             */
/*==============================================================*/
INSERT INTO `khachhang` (`KH_MA`, `QH_MA`, `KH_TEN`, `KH_SDT`, `KH_EMAIL`, `KH_USERNAME`, `KH_PASSWORD`, `KH_GIOITINH`) VALUES
('01', 'CT03', 'Duy Chủ Tịch', '0939826024', 'duybii922002@gmail.com', 'duychutich', '123', 1),
('02', 'CT01', 'Nguyễn Đỗ Phúc Vinh', '0123456789', 'vinhtop8@gmail.com', 'vinhtop8', '123', 1),
('03', 'CT02', 'Nguyễn Thị Phương Thư', '0987654321', 'pthuxinhdep@gmail.com', 'phuongthu', '123', 0),
('04', 'CT01', 'Nguyễn Ngọc Kiều Hân', '0246813579', 'kieuhan@gmail.com', 'kieuhan', '123', 0),
('05', 'CT01', 'Trần Thanh Kiệp', '0135792468', 'kiep@gmail.com', 'kiep', '123', 1);
/*==============================================================*/
/* Table: LOAIXE                                                */
/*==============================================================*/
INSERT INTO `loaixe` (`LX_MA`, `LX_MODEL`, `LX_SOCHO`) VALUES
('01', 'SUV', 4),
('02', 'HATCH BACK', 4),
('03', 'SEDAN', 4),
('04', 'PICK UP', 4),
('05', 'MPV', 4),
('06', 'SUV', 7),
('07', 'HATCH BACK', 7),
('08', 'SEDAN', 7),
('09', 'PICK UP', 7),
('10', 'MPV', 7);
/*==============================================================*/
/* Table: NHANVIEN                                              */
/*==============================================================*/

/*==============================================================*/
/* Table: PHUTRACH                                              */
/*==============================================================*/

/*==============================================================*/
/* Table: QUANHUYEN                                             */
/*==============================================================*/

/*==============================================================*/
/* Table: TAIXE                                                 */
/*==============================================================*/

/*==============================================================*/
/* Table: THANHPHO                                              */
/*==============================================================*/

/*==============================================================*/
/* Table: THOIDIEM                                              */
/*==============================================================*/

/*==============================================================*/
/* Table: TIEUCHI                                               */
/*==============================================================*/

/*==============================================================*/
/* Table: TRANGTHAI                                             */
/*==============================================================*/

/*==============================================================*/
/* Table: VAITRO                                                */
/*==============================================================*/

/*==============================================================*/
/* Table: XE                                                    */
/*==============================================================*/